image_path,steering
images/frame_20250227_200657_348603.jpg,0.000000
images/frame_20250227_200658_882312.jpg,0.000000
images/frame_20250227_200659_482222.jpg,0.000000
images/frame_20250227_200659_915122.jpg,0.000000
images/frame_20250227_200700_282369.jpg,0.000000
images/frame_20250227_200700_581909.jpg,0.000000
images/frame_20250227_200700_848813.jpg,0.000000
images/frame_20250227_200701_081980.jpg,0.000000
